cuadrante,angulo_deg,errR_cordic_ulp,errR_ref_ulp,errPhi_cordic_ulp,errPhi_ref_ulp
1,15.001,0,0,1,0
1,30.000,0,0,1,0
1,45.000,1,0,0,0
1,60.000,0,0,1,0
1,74.999,0,0,1,0
2,105.001,0,0,1,0
2,120.000,0,0,1,0
2,135.000,1,0,0,0
2,150.000,0,0,1,0
2,164.999,0,0,1,0
3,-105.001,0,0,1,0
3,-120.000,0,0,1,0
3,-135.000,1,0,0,0
3,-150.000,0,0,1,0
3,-164.999,0,0,1,0
4,-15.001,0,0,1,0
4,-30.000,0,0,1,0
4,-45.000,1,0,0,0
4,-60.000,0,0,1,0
4,-74.999,0,0,1,0
1,0.000,0,0,0,0
2,180.000,0,0,0,0
1,90.000,0,0,0,0
4,-90.000,0,0,0,0
1,89.701,0,0,1,0
2,90.299,2,0,1,0
4,-89.701,2,0,1,0
3,-90.299,0,0,1,0
1,11.482,1,1,1,0
1,46.040,1,0,1,0
1,10.034,1,0,1,0
1,53.891,2,0,1,0
1,69.936,1,0,0,0
1,65.287,1,0,1,0
1,67.091,1,0,1,0
1,22.115,0,0,1,0
1,10.745,1,0,0,0
1,40.570,1,0,3,0
1,61.295,1,1,1,0
1,19.501,1,0,1,0
1,87.233,1,0,0,0
1,71.853,1,0,0,0
1,46.192,1,1,3,0
1,30.956,3,0,0,0
1,26.708,2,0,1,0
1,78.129,1,0,1,1
1,51.816,0,1,2,0
1,63.556,0,1,1,0
1,38.154,0,1,1,0
1,52.543,1,0,1,0
1,11.246,1,0,0,0
1,67.014,0,0,2,0
1,44.210,0,0,2,0
1,23.761,1,0,1,0
1,82.508,0,1,0,0
1,46.581,2,1,2,0
1,20.755,1,0,1,0
1,5.302,2,0,1,0
1,79.042,1,0,1,0
1,55.764,0,0,0,0
1,43.427,0,0,1,0
1,78.960,0,1,1,0
1,41.199,0,1,2,0
1,82.793,2,1,0,0
1,49.017,1,1,2,0
1,59.938,2,1,0,0
1,71.383,0,0,1,0
1,43.142,1,0,1,0
1,39.110,1,0,2,0
1,24.676,2,0,0,0
1,58.695,0,0,1,0
1,41.325,2,0,1,0
1,44.077,1,0,2,0
1,23.890,2,0,1,0
1,45.991,0,0,0,0
1,72.100,1,0,1,0
1,80.840,1,0,0,0
1,28.866,2,0,1,0
1,9.656,0,0,1,0
1,70.088,3,0,2,0
1,40.857,1,0,1,0
1,86.119,2,1,1,0
1,43.162,1,1,1,0
1,24.448,0,0,1,0
1,9.507,0,0,1,0
1,37.197,1,0,2,0
1,2.237,1,1,2,0
1,52.096,1,1,0,0
1,8.311,2,1,0,0
1,22.810,2,1,0,0
1,67.164,2,0,1,0
1,59.827,3,0,2,0
1,14.618,1,0,1,0
1,52.311,0,0,1,1
1,84.596,1,0,0,0
1,64.398,0,0,2,0
1,20.619,2,1,1,0
1,85.329,0,0,1,0
1,45.413,1,1,4,0
1,59.834,2,0,0,0
1,69.943,1,0,0,0
1,27.928,1,0,2,0
1,72.104,1,0,1,0
1,18.309,0,0,1,1
1,10.339,1,0,1,0
1,5.521,0,0,1,1
1,32.099,1,0,0,0
1,3.269,1,0,2,0
1,29.843,2,1,2,0
1,29.694,1,1,1,0
1,84.493,0,0,1,0
1,71.835,1,0,1,0
1,46.726,0,0,3,0
1,30.603,1,1,0,0
1,60.708,0,0,0,0
1,36.125,0,1,2,0
1,82.089,0,1,0,0
1,48.939,2,0,1,0
1,40.761,2,1,2,0
1,17.591,0,1,1,0
1,78.249,0,0,0,0
1,47.635,0,0,2,0
1,46.484,2,0,1,0
1,15.115,2,0,2,0
1,35.318,1,0,1,0
1,37.440,2,0,2,0
1,27.834,1,1,1,0
1,24.182,0,0,1,0
1,69.661,0,0,1,0
1,42.158,1,0,1,0
1,43.418,1,1,2,0
1,71.101,0,0,2,0
1,72.821,1,0,0,0
1,21.357,2,0,2,0
1,78.318,0,0,1,0
1,36.905,1,0,1,0
1,75.754,0,0,1,0
1,85.586,1,0,2,0
1,14.794,0,0,1,0
1,51.365,0,0,3,0
1,10.652,0,0,0,0
1,49.910,2,0,1,0
1,19.869,2,0,1,1
1,24.592,1,0,0,0
1,9.927,1,0,0,0
1,85.027,3,1,1,0
1,61.241,1,0,0,0
1,64.567,0,0,1,0
1,56.447,0,0,2,0
1,25.357,1,0,2,0
1,26.612,1,0,2,0
1,23.954,1,1,0,0
1,37.224,1,0,2,0
1,69.357,1,0,1,0
1,2.357,2,0,1,1
1,3.023,0,1,1,0
1,61.353,1,0,1,0
1,83.376,0,0,1,0
1,69.618,1,0,1,0
1,58.616,1,1,1,0
1,82.376,1,0,2,0
1,19.975,2,0,0,0
1,87.163,0,1,0,0
1,61.409,0,0,0,0
1,60.963,0,0,1,0
1,35.237,2,1,1,0
1,32.357,2,0,1,0
1,39.432,1,0,3,0
1,62.186,1,1,2,0
1,85.330,0,0,1,0
1,11.765,1,0,1,0
1,29.062,1,0,1,0
1,48.708,0,1,1,0
1,50.357,0,0,2,0
1,10.909,1,1,1,0
1,11.407,0,1,2,0
1,32.154,0,1,1,0
1,58.711,0,1,0,0
1,51.876,1,0,0,0
1,34.801,1,1,0,0
1,38.050,1,1,1,0
1,12.019,1,0,0,0
1,59.217,1,0,2,0
1,61.172,0,0,2,0
1,23.436,2,0,1,0
1,3.056,1,0,0,0
1,43.138,0,0,1,0
1,28.697,1,1,0,0
1,53.241,0,0,2,0
1,49.662,2,1,2,0
1,85.594,2,0,1,0
1,24.341,0,1,2,1
1,67.400,1,0,1,0
1,58.890,0,1,2,0
1,87.077,2,0,0,0
1,86.377,0,0,0,0
1,76.866,1,1,1,0
1,80.732,0,1,0,0
1,86.903,0,1,2,0
1,21.461,1,0,1,0
1,31.243,1,1,0,0
1,32.601,2,0,1,0
1,49.295,0,0,3,0
1,70.399,0,0,2,0
1,17.536,1,0,0,0
1,14.532,1,0,1,0
1,84.639,0,0,2,0
1,74.486,2,0,2,0
1,70.993,0,0,2,0
1,8.412,1,0,0,0
1,65.327,1,0,0,0
1,66.078,2,1,1,0
1,2.613,2,0,0,0
1,75.686,0,0,1,0
1,51.392,2,0,2,0
1,34.491,0,0,1,0
1,46.459,2,0,1,0
1,14.909,3,0,1,0
1,8.526,1,1,0,0
1,30.357,1,1,3,0
1,4.660,1,0,2,0
1,70.277,1,0,1,0
1,26.777,1,0,1,0
1,32.435,3,0,0,0
1,17.606,1,0,1,1
1,1.830,0,0,1,0
1,43.242,0,0,4,0
1,72.468,2,0,0,0
2,177.154,0,0,1,0
2,106.037,3,0,2,0
2,106.807,3,0,0,0
2,105.426,4,1,2,0
2,136.319,2,1,2,0
2,147.619,1,0,1,0
2,123.960,3,0,3,0
2,110.024,0,0,1,0
2,144.685,1,0,2,0
2,177.684,0,0,1,0
2,167.910,0,1,0,0
2,124.545,0,0,0,0
2,147.983,1,0,2,0
2,171.037,1,0,2,0
2,136.668,0,0,2,0
2,151.150,0,0,2,0
2,142.508,1,1,1,0
2,159.558,1,1,1,0
2,134.544,1,0,1,1
2,157.289,0,0,1,0
2,119.600,1,0,0,0
2,120.190,1,0,0,0
2,154.699,2,0,1,0
2,126.469,0,0,0,1
2,161.960,0,0,0,0
2,151.648,1,0,1,0
2,160.272,2,0,0,0
2,161.683,2,0,1,0
2,104.586,0,0,0,0
2,148.802,2,1,0,0
2,114.551,1,0,1,0
2,119.163,2,0,2,0
2,130.113,0,1,3,0
2,146.167,0,1,0,0
2,176.557,1,0,1,0
2,101.846,2,0,2,0
2,131.310,1,1,0,0
2,92.911,0,1,1,0
2,150.324,0,0,1,0
2,150.767,0,0,1,0
2,170.951,0,0,0,0
2,174.840,0,0,2,0
2,139.085,0,0,2,0
2,121.990,1,0,0,0
2,172.214,3,1,1,0
2,91.926,1,0,1,0
2,113.190,1,0,1,0
2,147.703,1,1,2,0
2,159.482,1,0,0,0
2,169.247,1,0,1,0
2,94.297,2,0,1,0
2,101.635,0,0,1,0
2,114.644,1,0,1,0
2,109.412,1,0,1,0
2,115.369,1,0,1,0
2,97.950,3,1,0,0
2,138.429,0,1,0,0
2,99.412,0,0,1,0
2,110.309,1,1,1,0
2,144.335,0,0,0,0
2,118.231,0,0,0,0
2,153.641,1,0,1,0
2,140.207,0,1,2,0
2,114.839,1,0,1,0
2,107.303,0,0,1,0
2,177.988,1,0,1,0
2,171.121,0,0,0,0
2,121.031,2,0,1,0
2,144.383,1,0,0,0
2,168.726,2,1,0,0
2,94.231,2,1,1,0
2,92.917,2,0,1,0
2,113.339,1,0,0,0
2,108.490,0,0,1,0
2,165.120,1,0,0,0
2,110.209,1,0,1,0
2,127.151,1,1,0,0
2,154.541,1,0,1,0
2,151.021,2,0,0,0
2,117.278,2,0,1,0
2,98.983,0,0,0,0
2,136.976,0,0,2,0
2,118.980,0,1,2,0
2,106.943,0,0,0,0
2,166.990,0,0,0,0
2,113.659,2,0,1,0
2,167.695,2,1,0,0
2,124.687,0,0,1,0
2,144.624,1,0,0,0
2,131.814,2,0,0,0
2,135.707,1,0,2,0
2,136.204,1,0,2,0
2,114.820,0,0,1,0
2,133.996,0,0,1,0
2,164.973,0,0,2,0
2,178.754,1,0,1,0
2,145.141,0,0,1,0
2,104.376,1,1,1,1
2,177.219,1,0,1,0
2,102.550,1,0,2,0
2,148.814,1,1,1,0
2,149.669,1,1,1,0
2,160.478,0,0,1,0
2,106.751,1,0,1,0
2,138.549,1,0,3,0
2,131.240,1,0,2,0
2,95.721,1,0,1,0
2,104.544,1,0,0,0
2,134.097,0,0,2,0
2,93.555,1,1,0,0
2,123.045,1,0,0,0
2,131.976,1,0,1,0
2,104.640,0,1,1,0
2,153.904,1,0,1,0
2,91.665,2,0,2,1
2,142.569,1,1,1,0
2,162.583,0,1,1,0
2,157.597,0,0,1,0
2,107.838,1,0,0,0
2,128.209,0,1,0,0
2,164.314,1,0,0,0
2,110.769,1,1,2,0
2,109.722,0,1,1,0
2,178.283,1,0,0,0
2,128.240,1,0,1,0
2,153.043,1,0,0,0
2,146.381,1,1,2,0
2,174.417,0,0,2,0
2,99.076,1,0,0,0
2,156.039,0,1,1,0
2,97.935,1,0,0,0
2,145.753,1,1,1,0
2,106.146,0,0,2,0
2,107.658,1,0,1,0
2,177.504,1,0,1,0
2,176.448,1,0,1,0
2,171.403,1,0,1,0
2,116.265,1,0,1,0
2,91.838,2,0,1,0
2,169.034,0,0,0,0
2,133.957,1,0,1,0
2,160.813,1,0,2,0
2,176.329,0,1,0,0
2,144.551,1,1,1,0
2,172.903,1,0,2,0
2,119.709,1,0,0,0
2,151.017,0,0,2,0
2,121.442,1,0,0,0
2,137.235,1,1,1,0
2,99.649,2,0,0,0
2,94.276,3,0,1,0
2,97.182,0,0,0,0
2,140.665,1,0,0,0
2,147.801,0,0,1,0
2,131.213,2,0,1,0
2,92.933,3,0,1,0
2,102.823,2,0,3,0
2,99.085,2,0,1,0
2,113.436,2,0,1,0
2,156.907,1,1,0,0
2,143.971,0,0,1,0
2,175.822,1,0,0,0
2,154.116,1,0,2,0
2,132.429,0,0,2,0
2,169.905,0,0,1,0
2,126.203,0,0,3,0
2,165.663,0,0,1,0
2,134.029,1,0,2,0
2,129.590,1,0,0,0
2,142.776,1,0,2,0
2,133.491,1,1,3,0
2,174.199,1,0,0,0
2,93.997,0,0,2,0
2,103.346,2,0,1,0
2,136.880,2,0,1,0
2,128.990,1,0,1,0
2,93.313,1,0,2,0
2,136.761,0,0,2,0
2,101.751,1,0,0,0
2,110.079,1,1,0,0
2,105.965,0,0,1,0
2,100.771,1,1,0,0
2,178.114,1,1,0,0
2,91.510,0,0,1,0
2,114.117,1,0,1,0
2,137.176,1,0,2,0
2,98.442,1,1,0,0
2,171.211,1,0,2,0
2,165.109,2,0,1,0
2,140.485,0,0,1,0
2,139.379,0,1,3,0
2,175.473,1,1,0,0
2,152.060,0,0,1,0
2,136.364,1,0,2,0
2,175.213,0,0,0,0
2,176.133,0,1,0,0
2,176.452,1,0,1,0
2,99.017,1,0,1,0
2,115.560,0,0,1,0
2,145.364,2,0,1,0
4,-7.617,1,0,1,0
4,-27.338,2,0,0,0
4,-40.825,0,0,2,0
4,-41.460,2,0,2,0
4,-84.316,1,0,1,0
4,-41.765,1,0,0,0
4,-67.682,0,1,1,0
4,-55.048,1,0,1,0
4,-29.609,1,0,1,0
4,-68.155,1,1,2,0
4,-44.574,1,1,1,0
4,-64.454,0,0,1,0
4,-74.138,0,0,2,0
4,-58.699,1,0,1,0
4,-77.533,1,0,1,0
4,-13.086,1,0,1,0
4,-16.597,2,0,1,0
4,-27.978,1,0,1,0
4,-60.630,2,1,1,0
4,-78.845,1,1,1,0
4,-55.601,1,0,1,0
4,-45.173,1,0,2,0
4,-39.125,2,0,1,0
4,-57.675,1,0,0,0
4,-36.968,2,0,1,0
4,-68.055,0,0,2,1
4,-67.463,0,0,1,0
4,-29.559,2,1,1,0
4,-39.155,0,1,0,0
4,-42.250,1,0,0,0
4,-58.855,1,0,1,0
4,-26.129,1,1,0,0
4,-67.647,0,0,1,0
4,-6.115,1,0,1,0
4,-44.771,1,0,1,0
4,-79.042,0,1,1,0
4,-35.058,1,0,1,0
4,-53.122,2,0,1,0
4,-49.900,0,0,2,0
4,-75.749,2,0,1,0
4,-88.558,1,0,1,0
4,-80.531,3,0,2,0
4,-49.943,0,0,2,0
4,-55.101,0,1,1,0
4,-21.300,1,0,1,0
4,-15.887,2,0,0,0
4,-23.912,1,0,1,0
4,-62.915,1,1,1,0
4,-74.204,2,0,0,0
4,-86.306,3,1,0,0
4,-27.483,0,0,2,1
4,-22.126,1,1,0,0
4,-12.648,0,1,1,0
4,-74.402,3,0,0,0
4,-55.106,1,0,0,0
4,-32.279,2,0,0,0
4,-34.754,0,0,1,0
4,-41.223,2,0,2,0
4,-27.962,1,1,1,0
4,-7.848,1,1,0,0
4,-44.236,1,1,4,0
4,-34.335,1,0,1,0
4,-74.055,2,0,1,0
4,-37.920,1,1,0,0
4,-55.987,0,1,0,0
4,-83.792,2,0,1,0
4,-85.819,0,1,1,0
4,-59.306,1,1,2,0
4,-52.567,1,0,3,0
4,-33.609,1,0,1,0
4,-16.013,1,0,2,0
4,-63.870,0,0,0,0
4,-4.803,1,1,1,0
4,-15.811,1,0,1,0
4,-54.720,0,0,1,0
4,-51.927,1,0,0,1
4,-34.193,2,0,2,0
4,-13.836,0,0,1,0
4,-39.791,0,1,2,0
4,-13.003,0,0,0,0
4,-86.437,3,1,0,0
4,-73.616,1,0,3,0
4,-47.386,1,1,1,0
4,-50.679,1,0,1,0
4,-86.267,1,1,0,0
4,-80.067,0,1,0,0
4,-78.164,2,1,1,0
4,-33.039,2,0,1,0
4,-33.891,1,0,1,0
4,-60.735,2,1,0,0
4,-80.490,0,0,0,0
4,-58.926,1,0,0,0
4,-33.796,1,1,2,0
4,-79.717,1,0,2,0
4,-12.073,1,1,1,0
4,-46.258,0,1,0,1
4,-78.034,1,1,1,0
4,-75.854,3,1,2,0
4,-13.775,1,1,2,0
4,-1.172,0,0,1,0
4,-51.724,1,0,0,0
4,-80.977,1,0,3,0
4,-51.771,0,0,0,0
4,-50.123,2,1,2,0
4,-47.150,2,0,2,0
4,-1.203,0,1,2,1
4,-51.325,1,0,0,0
4,-26.267,2,0,1,0
4,-51.633,1,1,0,0
4,-74.138,1,0,0,0
4,-35.979,0,1,1,0
4,-66.285,0,0,1,0
4,-19.842,1,0,0,0
4,-56.889,0,0,0,0
4,-52.877,0,0,1,0
4,-38.149,1,0,0,0
4,-60.913,1,0,2,0
4,-12.725,1,0,2,0
4,-23.736,0,1,0,0
4,-73.047,2,1,1,0
4,-86.003,1,1,0,0
4,-42.592,1,0,1,0
4,-24.015,1,0,2,0
4,-70.701,1,0,1,0
4,-24.952,0,0,1,0
4,-57.511,1,0,1,0
4,-5.166,1,1,0,0
4,-12.243,0,0,0,0
4,-8.252,1,0,1,0
4,-59.288,1,0,1,0
4,-7.943,1,1,1,0
4,-30.833,1,1,0,0
4,-51.662,1,0,0,0
4,-55.884,0,0,1,0
4,-56.208,1,0,0,0
4,-51.109,1,0,2,0
4,-37.577,2,0,2,0
4,-57.474,0,0,1,0
4,-55.003,3,0,0,0
4,-66.905,1,0,2,0
4,-57.305,0,0,0,0
4,-35.920,0,0,2,1
4,-63.132,1,0,2,0
4,-19.194,1,1,1,0
4,-59.886,0,1,3,0
4,-62.596,2,0,0,0
4,-26.553,0,0,1,0
4,-69.793,1,0,1,0
4,-73.463,2,0,1,0
4,-6.707,2,1,1,1
4,-41.507,1,0,0,0
4,-35.098,1,0,1,0
4,-34.669,1,0,0,0
4,-79.486,1,1,1,0
4,-78.743,1,0,1,0
4,-9.110,1,0,1,0
4,-82.680,1,0,0,0
4,-24.315,1,1,1,0
4,-76.951,1,0,2,0
4,-39.558,1,1,3,0
4,-21.204,1,0,0,0
4,-7.842,2,1,2,0
4,-15.552,1,0,0,0
4,-7.091,0,1,1,0
4,-75.838,2,0,1,0
4,-2.312,0,0,2,0
4,-54.047,1,0,1,0
4,-49.101,2,0,3,0
4,-16.723,2,1,0,0
4,-33.034,2,0,1,0
4,-63.706,0,0,3,0
4,-18.928,2,1,1,0
4,-65.264,1,0,0,0
4,-42.898,0,1,1,0
4,-60.719,2,0,1,0
4,-28.302,0,1,2,0
4,-79.932,0,0,0,0
4,-82.219,1,0,0,0
4,-82.428,2,0,1,0
4,-56.699,1,0,1,0
4,-64.674,1,1,1,0
4,-59.063,1,1,0,0
4,-41.560,1,1,1,0
4,-41.172,1,0,0,0
4,-48.170,0,0,1,0
4,-20.009,1,0,1,0
4,-75.830,1,0,0,0
4,-28.886,1,0,1,0
4,-37.259,1,1,1,0
4,-72.187,2,0,1,0
4,-6.450,1,0,1,0
4,-8.968,2,0,0,0
4,-34.160,1,0,1,0
4,-2.635,1,0,0,0
4,-1.963,1,0,1,0
4,-6.675,1,0,2,0
4,-47.311,2,0,2,0
4,-8.290,0,0,1,0
4,-49.023,2,0,0,0
4,-5.509,0,1,1,0
3,-160.711,0,0,2,0
3,-93.849,1,1,0,0
3,-172.677,0,0,1,0
3,-152.719,1,0,1,0
3,-117.217,1,0,1,0
3,-97.516,1,0,0,0
3,-140.719,1,0,1,0
3,-121.434,1,0,1,0
3,-178.002,3,1,0,0
3,-161.218,0,0,2,0
3,-150.979,1,1,0,0
3,-92.875,1,0,2,0
3,-118.896,1,0,0,0
3,-124.833,0,1,3,0
3,-104.906,1,0,1,0
3,-135.677,0,0,2,0
3,-118.286,1,0,1,0
3,-121.700,1,0,1,0
3,-161.238,2,0,2,0
3,-130.174,0,0,1,0
3,-108.811,1,0,0,0
3,-111.845,2,0,2,0
3,-100.951,0,1,1,0
3,-140.862,1,0,0,0
3,-174.396,1,0,0,0
3,-137.426,2,0,3,0
3,-137.369,0,1,2,0
3,-98.447,0,0,1,0
3,-94.744,1,0,0,0
3,-157.620,0,0,1,0
3,-160.731,0,0,2,0
3,-138.507,1,0,1,0
3,-168.329,1,1,0,0
3,-132.579,1,1,2,0
3,-144.349,2,0,1,0
3,-122.446,1,0,1,0
3,-117.295,0,0,0,0
3,-151.917,2,0,2,0
3,-141.809,1,0,0,0
3,-140.936,1,1,0,0
3,-145.921,1,0,2,0
3,-160.069,0,0,0,0
3,-126.484,1,0,1,0
3,-94.735,1,0,1,0
3,-151.074,1,0,1,0
3,-114.625,1,0,1,0
3,-103.929,0,0,0,0
3,-171.179,2,0,1,0
3,-155.419,1,1,1,0
3,-163.528,0,0,1,0
3,-159.156,3,0,1,0
3,-143.249,1,0,1,0
3,-175.222,1,1,1,0
3,-94.417,1,0,0,0
3,-153.467,2,1,3,0
3,-174.929,3,0,2,0
3,-110.549,0,1,2,0
3,-107.768,1,0,1,0
3,-100.789,1,0,0,0
3,-113.464,1,0,0,0
3,-168.470,2,0,3,0
3,-168.514,0,1,1,0
3,-102.826,0,0,1,0
3,-150.343,2,1,1,0
3,-151.051,1,1,1,0
3,-124.954,1,0,2,0
3,-119.201,2,0,2,0
3,-129.213,0,0,1,0
3,-136.666,0,0,2,0
3,-133.436,1,1,2,0
3,-113.733,2,0,0,0
3,-167.660,2,0,1,0
3,-144.007,1,1,0,0
3,-94.241,2,0,2,0
3,-143.458,1,0,2,0
3,-178.328,3,0,2,0
3,-172.884,1,0,0,0
3,-92.750,0,1,0,0
3,-151.413,0,1,0,0
3,-177.147,1,0,0,0
3,-177.443,1,0,1,0
3,-139.954,1,0,3,0
3,-112.811,1,0,0,0
3,-135.638,2,1,4,0
3,-175.587,1,1,0,0
3,-161.452,1,0,0,0
3,-92.285,1,0,2,0
3,-117.940,0,0,1,0
3,-170.518,1,0,1,0
3,-116.465,1,0,1,0
3,-99.965,1,0,1,0
3,-158.029,1,1,0,0
3,-178.562,3,1,1,0
3,-133.969,1,0,0,0
3,-174.621,0,1,0,0
3,-123.573,0,0,0,0
3,-178.386,1,0,1,0
3,-161.676,1,0,0,0
3,-171.392,1,0,0,0
3,-170.325,3,0,1,0
3,-163.312,1,0,1,0
3,-98.558,1,0,3,0
3,-91.150,0,0,1,0
3,-175.282,2,0,1,0
3,-110.153,0,0,0,0
3,-103.121,0,1,0,0
3,-177.209,0,1,2,0
3,-135.098,0,0,1,0
3,-127.558,1,0,1,0
3,-161.067,1,0,1,0
3,-173.056,1,0,2,0
3,-162.256,0,0,1,0
3,-105.102,0,1,1,0
3,-118.785,0,0,0,0
3,-142.083,1,1,1,0
3,-102.053,1,1,1,0
3,-127.614,0,0,0,0
3,-126.282,2,0,0,0
3,-92.309,2,0,0,0
3,-120.464,0,0,1,0
3,-149.008,1,0,1,0
3,-99.442,0,0,1,0
3,-144.216,1,0,1,0
3,-107.210,1,1,1,1
3,-135.146,1,0,1,0
3,-133.399,1,0,2,0
3,-107.410,0,0,1,0
3,-161.757,2,0,1,0
3,-170.981,1,0,3,0
3,-138.943,1,1,1,0
3,-118.839,1,0,1,0
3,-164.830,2,1,3,0
3,-107.336,1,0,0,0
3,-143.210,1,0,1,0
3,-133.512,0,0,1,0
3,-176.813,3,0,0,0
3,-125.167,1,0,1,0
3,-177.695,3,0,0,0
3,-116.079,1,1,0,0
3,-115.560,1,1,2,0
3,-165.381,1,1,1,0
3,-167.028,1,1,1,0
3,-159.317,1,1,3,0
3,-92.934,0,0,1,0
3,-118.921,1,1,0,0
3,-117.471,1,1,2,0
3,-173.700,2,0,1,0
3,-168.432,0,0,1,0
3,-127.259,1,1,1,0
3,-178.033,1,0,1,0
3,-168.397,2,0,2,0
3,-174.198,1,0,2,0
3,-158.669,1,0,2,0
3,-148.820,1,1,0,0
3,-126.947,1,0,1,0
3,-140.537,1,0,0,0
3,-92.116,0,1,1,0
3,-96.191,0,0,2,0
3,-98.451,1,0,1,0
3,-176.111,1,0,0,0
3,-170.596,0,0,0,0
3,-143.549,0,1,2,0
3,-170.743,1,0,1,0
3,-148.600,1,0,0,0
3,-175.317,1,1,0,0
3,-160.234,1,0,1,0
3,-111.954,1,0,2,0
3,-126.075,0,0,0,0
3,-156.109,1,1,1,0
3,-152.985,1,0,1,0
3,-150.972,0,0,2,0
3,-173.216,0,0,1,0
3,-113.334,1,0,0,0
3,-114.713,0,0,1,0
3,-174.354,0,0,2,0
3,-101.447,1,0,2,0
3,-172.747,2,0,0,0
3,-101.919,0,0,1,0
3,-94.595,0,1,0,0
3,-111.904,1,0,0,0
3,-159.073,0,0,1,0
3,-172.601,1,0,1,0
3,-146.689,2,0,0,0
3,-130.056,1,1,0,0
3,-131.008,0,1,3,0
3,-150.418,0,0,1,0
3,-144.953,1,0,2,0
3,-98.198,1,1,0,0
3,-166.269,2,0,0,0
3,-165.229,1,0,0,0
3,-165.066,0,1,1,0
3,-115.819,0,0,0,0
3,-132.203,3,1,1,0
3,-121.648,1,0,1,0
3,-107.920,0,0,1,0
3,-153.579,0,0,3,0
3,-103.233,1,0,1,1
3,-160.156,1,0,0,0
3,-114.112,1,0,3,0
3,-159.016,1,0,0,0
